<?xml version="1.0" encoding="utf-8" standalone="no" ?>
<modDesc descVersion="99">
    <author>Kwtch</author>
    <contributors>Original FS22 mod by GMNGjoy</contributors>
    <version>1.0.0.0</version>
    
    <title>
        <en>Spawn Pallets Stacked (FS25)</en>
        <de>Paletten gestapelt spawnen (FS25)</de>
        <fr>Palettes empilées (FS25)</fr>
        <it>Pallet Impilati (FS25)</it>
        <pl>Zrespienie Palet (FS25)</pl>
        <cs>Vrstvené palety (FS25)</cs>
        <br>Paletes Empilhadas (FS25)</br>
        <ru>Уложенные паллеты (FS25)</ru>
        <ja>積み重ねられたパレット (FS25)</ja>
        <ko>적층 팔레트 (FS25)</ko>
    </title>
    
    <description>
        <en><![CDATA[FS25 CONVERSION - Originally created by GMNGjoy for FS22, converted and updated for Farming Simulator 25 by Kwtch.

Dramatically increase pallet storage capacity at production buildings, animal farms, and greenhouses! Instead of pallets spawning in a single layer, they now stack vertically and spawn in multiple rows.

WHAT THIS MOD DOES:
• Stacks pallets vertically up to 2 meters high (customizable up to 5m)
• Wool pallets: spawn 2 layers high
• Oil bottles: spawn up to 5 layers high
• Automatically doubles single-row spawn points into two rows when space permits
• Example: Grain Mill goes from 5 pallets → 30 pallets (5 × 2 rows × 3 layers)

COMPATIBLE WITH:
• All production buildings (bakery, grain mill, sawmill, oil mill, etc.)
• Animal husbandries that spawn pallets (chickens, sheep, bees)
• Greenhouses (all types)
• Most modded buildings (as long as they don't already have custom stacking)

CUSTOMIZATION:
A configuration file is automatically created in your modSettings folder on first use. This allows you to:
• Adjust maximum stack height globally or per-building
• Modify the retry attempts to spawn pallets (default 2 seconds)
• Enable/disable the double-row feature
• Fine-tune spawn positioning for specific buildings
• Add custom settings for modded buildings

IMPORTANT NOTES:
• For best results, clear existing pallets from spawn points before enabling this mod
• Existing pallets in spawn areas may not stack properly until the area is cleared

CREDITS:
Original FS22 Mod: GMNGjoy (https://github.com/GMNGjoy/FS22_SpawnPalletsStacked)
FS25 Conversion: Kwtch
        ]]></en>
    </description>
    
    <iconFilename>icon_SpawnPalletsStacked.dds</iconFilename>
    <multiplayer supported="true"/>

    <extraSourceFiles>
        <sourceFile filename="SpawnPalletsStacked.lua" />
    </extraSourceFiles>
</modDesc>
